table_name,column_name,data_type,character_maximum_length,numeric_precision,numeric_scale,is_nullable,column_default,ordinal_position
"annual_report_fees_ca_openend","data_inserted_at","timestamp without time zone","","","","NO","CURRENT_TIMESTAMP","1"
"annual_report_fees_ca_openend","status_code","numeric","","","","YES","","2"
"annual_report_fees_ca_openend","status_message","text","","","","YES","","3"
"annual_report_fees_ca_openend","_id","text","","","","YES","","4"
"annual_report_fees_ca_openend","_idtype","text","","","","YES","","5"
"annual_report_fees_ca_openend","annualreportdate","text","","","","YES","","6"
"annual_report_fees_ca_openend","interimnetexpenseratio","text","","","","YES","","7"
"annual_report_fees_ca_openend","interimnetexpenseratiodate","text","","","","YES","","8"
"annual_report_fees_ca_openend","mer","text","","","","YES","","9"
"annual_report_fees_ca_openend","tradingexpenseratio","text","","","","YES","","10"
"annual_report_fees_ca_openend","_name","text","","","","YES","","11"
"annual_report_fees_ca_openend","semi_annual_report_net_expense_ratio_date","text","","","","YES","","12"
"annual_report_fees_ca_openend","semi_annual_report_turnover_ratio_date","text","","","","YES","","13"
"annual_report_fees_ca_openend","_hashkey","numeric","","","","YES","","14"
"annual_report_fees_ca_openend","_runid","text","","","","YES","","15"
"annual_report_fees_ca_openend","_timestampfrom","timestamp with time zone","","","","YES","","16"
"annual_report_fees_ca_openend","_timestampto","timestamp with time zone","","","","YES","","17"
"annual_report_fees_ca_openend","fault_faultstring","text","","","","YES","","18"
"annual_report_fees_ca_openend","fault_detail_errorcode","text","","","","YES","","19"
"annual_report_fees_ca_openend","_currencyid","text","","","","YES","","20"
"fee_levels_ca_openend","data_inserted_at","timestamp without time zone","","","","NO","CURRENT_TIMESTAMP","1"
"fee_levels_ca_openend","status_code","numeric","","","","YES","","2"
"fee_levels_ca_openend","status_message","text","","","","YES","","3"
"fee_levels_ca_openend","_id","text","","","","YES","","4"
"fee_levels_ca_openend","_idtype","text","","","","YES","","5"
"fee_levels_ca_openend","feelevel","text","","","","YES","","6"
"fee_levels_ca_openend","feeleveldate","text","","","","YES","","7"
"fee_levels_ca_openend","feelevelrank","text","","","","YES","","8"
"fee_levels_ca_openend","_name","text","","","","YES","","9"
"fee_levels_ca_openend","_hashkey","numeric","","","","YES","","10"
"fee_levels_ca_openend","_runid","text","","","","YES","","11"
"fee_levels_ca_openend","_timestampfrom","timestamp with time zone","","","","YES","","12"
"fee_levels_ca_openend","_timestampto","timestamp with time zone","","","","YES","","13"
"fee_levels_ca_openend","fault_faultstring","text","","","","YES","","14"
"fee_levels_ca_openend","fault_detail_errorcode","text","","","","YES","","15"
"fund_attributes_ca_openend","data_inserted_at","timestamp without time zone","","","","NO","CURRENT_TIMESTAMP","1"
"fund_attributes_ca_openend","status_code","numeric","","","","YES","","2"
"fund_attributes_ca_openend","status_message","text","","","","YES","","3"
"fund_attributes_ca_openend","_id","text","","","","YES","","4"
"fund_attributes_ca_openend","_idtype","text","","","","YES","","5"
"fund_attributes_ca_openend","activenontransparent","boolean","","","","YES","","6"
"fund_attributes_ca_openend","availablefor529only","boolean","","","","YES","","7"
"fund_attributes_ca_openend","availableinsuranceproduct","boolean","","","","YES","","8"
"fund_attributes_ca_openend","availablepensionplan","boolean","","","","YES","","9"
"fund_attributes_ca_openend","availableregularinvestment","boolean","","","","YES","","10"
"fund_attributes_ca_openend","availableretirementplan","boolean","","","","YES","","11"
"fund_attributes_ca_openend","continuouslyoffered","text","","","","YES","","12"
"fund_attributes_ca_openend","coveredcall","text","","","","YES","","13"
"fund_attributes_ca_openend","currencyhedged","text","","","","YES","","14"
"fund_attributes_ca_openend","currencyhedgedto","text","","","","YES","","15"
"fund_attributes_ca_openend","delayedpricing","text","","","","YES","","16"
"fund_attributes_ca_openend","dividendinvestmentplan","boolean","","","","YES","","17"
"fund_attributes_ca_openend","etfmanagedportfolio","text","","","","YES","","18"
"fund_attributes_ca_openend","exchangetradednotes","boolean","","","","YES","","19"
"fund_attributes_ca_openend","exchangetradedshare","boolean","","","","YES","","20"
"fund_attributes_ca_openend","fclass","boolean","","","","YES","","21"
"fund_attributes_ca_openend","fundlevelcategorycode","text","","","","YES","","22"
"fund_attributes_ca_openend","fundlevelcategoryname","text","","","","YES","","23"
"fund_attributes_ca_openend","fundoffunds","text","","","","YES","","24"
"fund_attributes_ca_openend","holdr","boolean","","","","YES","","25"
"fund_attributes_ca_openend","indexfund","boolean","","","","YES","","26"
"fund_attributes_ca_openend","indexingapproachcensusreplication","text","","","","YES","","27"
"fund_attributes_ca_openend","indexingapproachderivativebased","text","","","","YES","","28"
"fund_attributes_ca_openend","indexingapproachphysicalfull","text","","","","YES","","29"
"fund_attributes_ca_openend","indexingapproachphysicalsample","text","","","","YES","","30"
"fund_attributes_ca_openend","indexingapproachstratefiedsampling","text","","","","YES","","31"
"fund_attributes_ca_openend","indexingapproachstructured","text","","","","YES","","32"
"fund_attributes_ca_openend","indexingapproachsyntheticreplication","text","","","","YES","","33"
"fund_attributes_ca_openend","institutional","text","","","","YES","","34"
"fund_attributes_ca_openend","inversefund","boolean","","","","YES","","35"
"fund_attributes_ca_openend","investmentarea","text","","","","YES","","36"
"fund_attributes_ca_openend","leveragedfund","boolean","","","","YES","","37"
"fund_attributes_ca_openend","lifecyclefund","text","","","","YES","","38"
"fund_attributes_ca_openend","mptriskfreerateid","text","","","","YES","","39"
"fund_attributes_ca_openend","mptriskfreeratename","text","","","","YES","","40"
"fund_attributes_ca_openend","manageddistribution","text","","","","YES","","41"
"fund_attributes_ca_openend","masterfeeder","boolean","","","","YES","","42"
"fund_attributes_ca_openend","masterfundid","text","","","","YES","","43"
"fund_attributes_ca_openend","masterfundname","text","","","","YES","","44"
"fund_attributes_ca_openend","moneymarketfund","text","","","","YES","","45"
"fund_attributes_ca_openend","nondiversifiedfund","text","","","","YES","","46"
"fund_attributes_ca_openend","offshorevehicle","text","","","","YES","","47"
"fund_attributes_ca_openend","oldestshareclassid","text","","","","YES","","48"
"fund_attributes_ca_openend","oldestshareclassinceptiondate","text","","","","YES","","49"
"fund_attributes_ca_openend","overlaymanaged","text","","","","YES","","50"
"fund_attributes_ca_openend","peaindicator","text","","","","YES","","51"
"fund_attributes_ca_openend","portfolioconstructionprocess","text","","","","YES","","52"
"fund_attributes_ca_openend","rrsp","boolean","","","","YES","","53"
"fund_attributes_ca_openend","shariacompliant","boolean","","","","YES","","54"
"fund_attributes_ca_openend","strategymanagementapproachstrategicbeta","text","","","","YES","","55"
"fund_attributes_ca_openend","sustainableinvestmentoverall","text","","","","YES","","56"
"fund_attributes_ca_openend","syntheticreplication","boolean","","","","YES","","57"
"fund_attributes_ca_openend","targetmaturitybondindicator","text","","","","YES","","58"
"fund_attributes_ca_openend","targetmaturitybondyear","text","","","","YES","","59"
"fund_attributes_ca_openend","truenoload","text","","","","YES","","60"
"fund_attributes_ca_openend","usesetfsonly","text","","","","YES","","61"
"fund_attributes_ca_openend","_name","text","","","","YES","","62"
"fund_attributes_ca_openend","india_purchase_and_redemption_options","jsonb","","","","YES","","63"
"fund_attributes_ca_openend","_hashkey","numeric","","","","YES","","64"
"fund_attributes_ca_openend","_runid","text","","","","YES","","65"
"fund_attributes_ca_openend","_timestampfrom","timestamp with time zone","","","","YES","","66"
"fund_attributes_ca_openend","_timestampto","timestamp with time zone","","","","YES","","67"
"fund_flow_details_ca_openend","data_inserted_at","timestamp without time zone","","","","NO","CURRENT_TIMESTAMP","1"
"fund_flow_details_ca_openend","status_code","numeric","","","","YES","","2"
"fund_flow_details_ca_openend","status_message","text","","","","YES","","3"
"fund_flow_details_ca_openend","_id","text","","","","YES","","4"
"fund_flow_details_ca_openend","_idtype","text","","","","YES","","5"
"fund_flow_details_ca_openend","estfundlevelnetflow10yrmoend","text","","","","YES","","6"
"fund_flow_details_ca_openend","estfundlevelnetflow15yrmoend","text","","","","YES","","7"
"fund_flow_details_ca_openend","estfundlevelnetflow1momoend","text","","","","YES","","8"
"fund_flow_details_ca_openend","estfundlevelnetflow1yrmoend","text","","","","YES","","9"
"fund_flow_details_ca_openend","estfundlevelnetflow3momoend","text","","","","YES","","10"
"fund_flow_details_ca_openend","estfundlevelnetflow3yrmoend","text","","","","YES","","11"
"fund_flow_details_ca_openend","estfundlevelnetflow5yrmoend","text","","","","YES","","12"
"fund_flow_details_ca_openend","estfundlevelnetflow6momoend","text","","","","YES","","13"
"fund_flow_details_ca_openend","estfundlevelnetflowdatemoend","text","","","","YES","","14"
"fund_flow_details_ca_openend","estfundlevelnetflowytdmoend","text","","","","YES","","15"
"fund_flow_details_ca_openend","estnetflow10yrqtrend","text","","","","YES","","16"
"fund_flow_details_ca_openend","estnetflow1moqtrend","text","","","","YES","","17"
"fund_flow_details_ca_openend","estnetflow1yrqtrend","text","","","","YES","","18"
"fund_flow_details_ca_openend","estnetflow3moqtrend","text","","","","YES","","19"
"fund_flow_details_ca_openend","estnetflow3yrqtrend","text","","","","YES","","20"
"fund_flow_details_ca_openend","estnetflow5yrqtrend","text","","","","YES","","21"
"fund_flow_details_ca_openend","estnetflow6moqtrend","text","","","","YES","","22"
"fund_flow_details_ca_openend","estnetflowdateqtrend","text","","","","YES","","23"
"fund_flow_details_ca_openend","estshareclassnetflow10yrmoend","text","","","","YES","","24"
"fund_flow_details_ca_openend","estshareclassnetflow15yrmoend","text","","","","YES","","25"
"fund_flow_details_ca_openend","estshareclassnetflow1momoend","text","","","","YES","","26"
"fund_flow_details_ca_openend","estshareclassnetflow1yrmoend","text","","","","YES","","27"
"fund_flow_details_ca_openend","estshareclassnetflow3momoend","text","","","","YES","","28"
"fund_flow_details_ca_openend","estshareclassnetflow3yrmoend","text","","","","YES","","29"
"fund_flow_details_ca_openend","estshareclassnetflow5yrmoend","text","","","","YES","","30"
"fund_flow_details_ca_openend","estshareclassnetflow6momoend","text","","","","YES","","31"
"fund_flow_details_ca_openend","estshareclassnetflowdatemoend","text","","","","YES","","32"
"fund_flow_details_ca_openend","estshareclassnetflowytdmoend","text","","","","YES","","33"
"fund_flow_details_ca_openend","_name","text","","","","YES","","34"
"fund_flow_details_ca_openend","_hashkey","numeric","","","","YES","","35"
"fund_flow_details_ca_openend","_runid","text","","","","YES","","36"
"fund_flow_details_ca_openend","_timestampfrom","timestamp with time zone","","","","YES","","37"
"fund_flow_details_ca_openend","_timestampto","timestamp with time zone","","","","YES","","38"
"fund_flow_details_ca_openend","fault_faultstring","text","","","","YES","","39"
"fund_flow_details_ca_openend","fault_detail_errorcode","text","","","","YES","","40"
"fund_flow_details_ca_openend","_currencyid","text","","","","YES","","41"
"fund_level_net_assets_ca_openend","data_inserted_at","timestamp without time zone","","","","NO","CURRENT_TIMESTAMP","1"
"fund_level_net_assets_ca_openend","status_code","numeric","","","","YES","","2"
"fund_level_net_assets_ca_openend","status_message","text","","","","YES","","3"
"fund_level_net_assets_ca_openend","_id","text","","","","YES","","4"
"fund_level_net_assets_ca_openend","_idtype","text","","","","YES","","5"
"fund_level_net_assets_ca_openend","asoforiginalreported","text","","","","YES","","6"
"fund_level_net_assets_ca_openend","asoforiginalreportedcurrencyid","text","","","","YES","","7"
"fund_level_net_assets_ca_openend","asoforiginalreporteddate","text","","","","YES","","8"
"fund_level_net_assets_ca_openend","fundnetassets","text","","","","YES","","9"
"fund_level_net_assets_ca_openend","netassetsdate","text","","","","YES","","10"
"fund_level_net_assets_ca_openend","normalizedfundnetassets","text","","","","YES","","11"
"fund_level_net_assets_ca_openend","surveyedfundnetassets","text","","","","YES","","12"
"fund_level_net_assets_ca_openend","surveyedfundnetassetsdate","text","","","","YES","","13"
"fund_level_net_assets_ca_openend","_name","text","","","","YES","","14"
"fund_level_net_assets_ca_openend","_hashkey","numeric","","","","YES","","15"
"fund_level_net_assets_ca_openend","_runid","text","","","","YES","","16"
"fund_level_net_assets_ca_openend","_timestampfrom","timestamp with time zone","","","","YES","","17"
"fund_level_net_assets_ca_openend","_timestampto","timestamp with time zone","","","","YES","","18"
"fund_manager_ca_openend","data_inserted_at","timestamp without time zone","","","","NO","CURRENT_TIMESTAMP","1"
"fund_manager_ca_openend","status_code","numeric","","","","YES","","2"
"fund_manager_ca_openend","status_message","text","","","","YES","","3"
"fund_manager_ca_openend","_id","text","","","","YES","","4"
"fund_manager_ca_openend","_idtype","text","","","","YES","","5"
"fund_manager_ca_openend","firmassetsmanagerinvestment0","text","","","","YES","","6"
"fund_manager_ca_openend","firmassetsmanagerinvestment110000dollars","text","","","","YES","","7"
"fund_manager_ca_openend","firmassetsmanagerinvestment100001500000dollars","text","","","","YES","","8"
"fund_manager_ca_openend","firmassetsmanagerinvestment1000150000dollars","text","","","","YES","","9"
"fund_manager_ca_openend","firmassetsmanagerinvestment5000011milliondollars","text","","","","YES","","10"
"fund_manager_ca_openend","firmassetsmanagerinvestment50001100000dollars","text","","","","YES","","11"
"fund_manager_ca_openend","firmassetsmanagerinvestmentnull","text","","","","YES","","12"
"fund_manager_ca_openend","firmassetsmanagerinvestmentover1milliondollars","text","","","","YES","","13"
"fund_manager_ca_openend","firmaveragemanagertenurelongest","text","","","","YES","","14"
"fund_manager_ca_openend","fundmanagertenureaverage","text","","","","YES","","15"
"fund_manager_ca_openend","managers","jsonb","","","","YES","","16"
"fund_manager_ca_openend","_name","text","","","","YES","","17"
"fund_manager_ca_openend","_hashkey","numeric","","","","YES","","18"
"fund_manager_ca_openend","_runid","text","","","","YES","","19"
"fund_manager_ca_openend","_timestampfrom","timestamp with time zone","","","","YES","","20"
"fund_manager_ca_openend","_timestampto","timestamp with time zone","","","","YES","","21"
"fund_manager_ca_openend","firmmanagerretentionrate5y","text","","","","YES","","22"
"fund_manager_ca_openend","_currencyid","text","","","","YES","","23"
"fund_share_class_basic_info_ca_openend","data_inserted_at","timestamp without time zone","","","","NO","CURRENT_TIMESTAMP","1"
"fund_share_class_basic_info_ca_openend","status_code","numeric","","","","YES","","2"
"fund_share_class_basic_info_ca_openend","status_message","text","","","","YES","","3"
"fund_share_class_basic_info_ca_openend","_id","text","","","","YES","","4"
"fund_share_class_basic_info_ca_openend","_idtype","text","","","","YES","","5"
"fund_share_class_basic_info_ca_openend","amfcategory","text","","","","YES","","6"
"fund_share_class_basic_info_ca_openend","ausinvestmentvehicleregionareacode","text","","","","YES","","7"
"fund_share_class_basic_info_ca_openend","ausinvestmentvehicleregionareacodeisoalpha2","text","","","","YES","","8"
"fund_share_class_basic_info_ca_openend","advisorycompanyid","text","","","","YES","","9"
"fund_share_class_basic_info_ca_openend","advisorycompanyname","text","","","","YES","","10"
"fund_share_class_basic_info_ca_openend","aggregatedcategoryname","text","","","","YES","","11"
"fund_share_class_basic_info_ca_openend","brandingid","text","","","","YES","","12"
"fund_share_class_basic_info_ca_openend","brandingname","text","","","","YES","","13"
"fund_share_class_basic_info_ca_openend","broadassetclass","text","","","","YES","","14"
"fund_share_class_basic_info_ca_openend","broadcategorygroup","text","","","","YES","","15"
"fund_share_class_basic_info_ca_openend","broadcategorygroupid","text","","","","YES","","16"
"fund_share_class_basic_info_ca_openend","canadarisklevelverbal","text","","","","YES","","17"
"fund_share_class_basic_info_ca_openend","canadatimehorizon","text","","","","YES","","18"
"fund_share_class_basic_info_ca_openend","categorycode","text","","","","YES","","19"
"fund_share_class_basic_info_ca_openend","categorycurrencyid","text","","","","YES","","20"
"fund_share_class_basic_info_ca_openend","categoryname","text","","","","YES","","21"
"fund_share_class_basic_info_ca_openend","currency","text","","","","YES","","22"
"fund_share_class_basic_info_ca_openend","currencyid","text","","","","YES","","23"
"fund_share_class_basic_info_ca_openend","custodiancompanyid","text","","","","YES","","24"
"fund_share_class_basic_info_ca_openend","custodiancompanyname","text","","","","YES","","25"
"fund_share_class_basic_info_ca_openend","distributionfrequency","text","","","","YES","","26"
"fund_share_class_basic_info_ca_openend","distributionstatus","text","","","","YES","","27"
"fund_share_class_basic_info_ca_openend","distributorcompanies","jsonb","","","","YES","","28"
"fund_share_class_basic_info_ca_openend","dividenddistributionfrequencydetails","text","","","","YES","","29"
"fund_share_class_basic_info_ca_openend","domicile","text","","","","YES","","30"
"fund_share_class_basic_info_ca_openend","domicileid","text","","","","YES","","31"
"fund_share_class_basic_info_ca_openend","exchangeid","text","","","","YES","","32"
"fund_share_class_basic_info_ca_openend","fixeddistribution","text","","","","YES","","33"
"fund_share_class_basic_info_ca_openend","fundid","text","","","","YES","","34"
"fund_share_class_basic_info_ca_openend","fundlegalname","text","","","","YES","","35"
"fund_share_class_basic_info_ca_openend","fundname","text","","","","YES","","36"
"fund_share_class_basic_info_ca_openend","fundservdetails","jsonb","","","","YES","","37"
"fund_share_class_basic_info_ca_openend","fundservs","jsonb","","","","YES","","38"
"fund_share_class_basic_info_ca_openend","fundstandardname","text","","","","YES","","39"
"fund_share_class_basic_info_ca_openend","globalcategoryid","text","","","","YES","","40"
"fund_share_class_basic_info_ca_openend","globalcategoryname","text","","","","YES","","41"
"fund_share_class_basic_info_ca_openend","globalfundreports","jsonb","","","","YES","","42"
"fund_share_class_basic_info_ca_openend","highnetworth","text","","","","YES","","43"
"fund_share_class_basic_info_ca_openend","ific","text","","","","YES","","44"
"fund_share_class_basic_info_ca_openend","inceptiondate","text","","","","YES","","45"
"fund_share_class_basic_info_ca_openend","indexstrategybox","text","","","","YES","","46"
"fund_share_class_basic_info_ca_openend","indexstrategyboxverbal","text","","","","YES","","47"
"fund_share_class_basic_info_ca_openend","invesmtentdecisionmakingprocess","text","","","","YES","","48"
"fund_share_class_basic_info_ca_openend","investmentphilsophy","text","","","","YES","","49"
"fund_share_class_basic_info_ca_openend","legalname","text","","","","YES","","50"
"fund_share_class_basic_info_ca_openend","legalstructure","text","","","","YES","","51"
"fund_share_class_basic_info_ca_openend","localphone","text","","","","YES","","52"
"fund_share_class_basic_info_ca_openend","mexcode","text","","","","YES","","53"
"fund_share_class_basic_info_ca_openend","mstarid","text","","","","YES","","54"
"fund_share_class_basic_info_ca_openend","morningstarindexid","text","","","","YES","","55"
"fund_share_class_basic_info_ca_openend","morningstarindexname","text","","","","YES","","56"
"fund_share_class_basic_info_ca_openend","multilingualnames","jsonb","","","","YES","","57"
"fund_share_class_basic_info_ca_openend","operationready","text","","","","YES","","58"
"fund_share_class_basic_info_ca_openend","performanceid","text","","","","YES","","59"
"fund_share_class_basic_info_ca_openend","performanceready","text","","","","YES","","60"
"fund_share_class_basic_info_ca_openend","previousfundname","text","","","","YES","","61"
"fund_share_class_basic_info_ca_openend","previousfundnameenddate","text","","","","YES","","62"
"fund_share_class_basic_info_ca_openend","productfocus","text","","","","YES","","63"
"fund_share_class_basic_info_ca_openend","producttype","text","","","","YES","","64"
"fund_share_class_basic_info_ca_openend","providercompanyid","text","","","","YES","","65"
"fund_share_class_basic_info_ca_openend","providercompanyname","text","","","","YES","","66"
"fund_share_class_basic_info_ca_openend","providercompanyphonenumber","text","","","","YES","","67"
"fund_share_class_basic_info_ca_openend","providercompanywebsite","text","","","","YES","","68"
"fund_share_class_basic_info_ca_openend","registeredunder1940act","text","","","","YES","","69"
"fund_share_class_basic_info_ca_openend","restrictedfund","text","","","","YES","","70"
"fund_share_class_basic_info_ca_openend","restructuredate","text","","","","YES","","71"
"fund_share_class_basic_info_ca_openend","securitytype","text","","","","YES","","72"
"fund_share_class_basic_info_ca_openend","shareclasstype","text","","","","YES","","73"
"fund_share_class_basic_info_ca_openend","terminationdate","text","","","","YES","","74"
"fund_share_class_basic_info_ca_openend","ticker","text","","","","YES","","75"
"fund_share_class_basic_info_ca_openend","tollfreephone","text","","","","YES","","76"
"fund_share_class_basic_info_ca_openend","ukreportingstartdate","text","","","","YES","","77"
"fund_share_class_basic_info_ca_openend","ukreportingstatus","text","","","","YES","","78"
"fund_share_class_basic_info_ca_openend","umbrellacompanyid","text","","","","YES","","79"
"fund_share_class_basic_info_ca_openend","umbrellacompanyname","text","","","","YES","","80"
"fund_share_class_basic_info_ca_openend","valor","text","","","","YES","","81"
"fund_share_class_basic_info_ca_openend","wkn","text","","","","YES","","82"
"fund_share_class_basic_info_ca_openend","_name","text","","","","YES","","83"
"fund_share_class_basic_info_ca_openend","_hashkey","numeric","","","","YES","","84"
"fund_share_class_basic_info_ca_openend","_runid","text","","","","YES","","85"
"fund_share_class_basic_info_ca_openend","_timestampfrom","timestamp with time zone","","","","YES","","86"
"fund_share_class_basic_info_ca_openend","_timestampto","timestamp with time zone","","","","YES","","87"
"fund_share_class_basic_info_ca_openend","fault_faultstring","text","","","","YES","","88"
"fund_share_class_basic_info_ca_openend","fault_detail_errorcode","text","","","","YES","","89"
"fund_share_class_basic_info_ca_openend","morningstarcategorygroupid","text","","","","YES","","90"
"fund_share_class_basic_info_ca_openend","morningstarcategorygroupname","text","","","","YES","","91"
"fund_share_class_basic_info_ca_openend","_currencyid","text","","","","YES","","92"
"fund_share_class_basic_info_ca_openend","prospectusobjective","text","","","","YES","","93"
"month_end_trailing_total_return_percentile_and_absolute_ranks_c","data_inserted_at","timestamp without time zone","","","","NO","CURRENT_TIMESTAMP","1"
"month_end_trailing_total_return_percentile_and_absolute_ranks_c","status_code","numeric","","","","YES","","2"
"month_end_trailing_total_return_percentile_and_absolute_ranks_c","status_message","text","","","","YES","","3"
"month_end_trailing_total_return_percentile_and_absolute_ranks_c","_id","text","","","","YES","","4"
"month_end_trailing_total_return_percentile_and_absolute_ranks_c","_idtype","text","","","","YES","","5"
"month_end_trailing_total_return_percentile_and_absolute_ranks_c","absrank10yr","text","","","","YES","","6"
"month_end_trailing_total_return_percentile_and_absolute_ranks_c","absrank15yr","text","","","","YES","","7"
"month_end_trailing_total_return_percentile_and_absolute_ranks_c","absrank1mth","text","","","","YES","","8"
"month_end_trailing_total_return_percentile_and_absolute_ranks_c","absrank1yr","text","","","","YES","","9"
"month_end_trailing_total_return_percentile_and_absolute_ranks_c","absrank20yr","text","","","","YES","","10"
"month_end_trailing_total_return_percentile_and_absolute_ranks_c","absrank2mth","text","","","","YES","","11"
"month_end_trailing_total_return_percentile_and_absolute_ranks_c","absrank2yr","text","","","","YES","","12"
"month_end_trailing_total_return_percentile_and_absolute_ranks_c","absrank3mth","text","","","","YES","","13"
"month_end_trailing_total_return_percentile_and_absolute_ranks_c","absrank3yr","text","","","","YES","","14"
"month_end_trailing_total_return_percentile_and_absolute_ranks_c","absrank4yr","text","","","","YES","","15"
"month_end_trailing_total_return_percentile_and_absolute_ranks_c","absrank5yr","text","","","","YES","","16"
"month_end_trailing_total_return_percentile_and_absolute_ranks_c","absrank6mth","text","","","","YES","","17"
"month_end_trailing_total_return_percentile_and_absolute_ranks_c","absrank6yr","text","","","","YES","","18"
"month_end_trailing_total_return_percentile_and_absolute_ranks_c","absrank7yr","text","","","","YES","","19"
"month_end_trailing_total_return_percentile_and_absolute_ranks_c","absrank8yr","text","","","","YES","","20"
"month_end_trailing_total_return_percentile_and_absolute_ranks_c","absrank9mth","text","","","","YES","","21"
"month_end_trailing_total_return_percentile_and_absolute_ranks_c","absrank9yr","text","","","","YES","","22"
"month_end_trailing_total_return_percentile_and_absolute_ranks_c","absrankytd","text","","","","YES","","23"
"month_end_trailing_total_return_percentile_and_absolute_ranks_c","categorysize10yr","text","","","","YES","","24"
"month_end_trailing_total_return_percentile_and_absolute_ranks_c","categorysize15yr","text","","","","YES","","25"
"month_end_trailing_total_return_percentile_and_absolute_ranks_c","categorysize1mth","text","","","","YES","","26"
"month_end_trailing_total_return_percentile_and_absolute_ranks_c","categorysize1yr","text","","","","YES","","27"
"month_end_trailing_total_return_percentile_and_absolute_ranks_c","categorysize20yr","text","","","","YES","","28"
"month_end_trailing_total_return_percentile_and_absolute_ranks_c","categorysize2mth","text","","","","YES","","29"
"month_end_trailing_total_return_percentile_and_absolute_ranks_c","categorysize2yr","text","","","","YES","","30"
"month_end_trailing_total_return_percentile_and_absolute_ranks_c","categorysize3mth","text","","","","YES","","31"
"month_end_trailing_total_return_percentile_and_absolute_ranks_c","categorysize3yr","text","","","","YES","","32"
"month_end_trailing_total_return_percentile_and_absolute_ranks_c","categorysize4yr","text","","","","YES","","33"
"month_end_trailing_total_return_percentile_and_absolute_ranks_c","categorysize5yr","text","","","","YES","","34"
"month_end_trailing_total_return_percentile_and_absolute_ranks_c","categorysize6mth","text","","","","YES","","35"
"month_end_trailing_total_return_percentile_and_absolute_ranks_c","categorysize6yr","text","","","","YES","","36"
"month_end_trailing_total_return_percentile_and_absolute_ranks_c","categorysize7yr","text","","","","YES","","37"
"month_end_trailing_total_return_percentile_and_absolute_ranks_c","categorysize8yr","text","","","","YES","","38"
"month_end_trailing_total_return_percentile_and_absolute_ranks_c","categorysize9yr","text","","","","YES","","39"
"month_end_trailing_total_return_percentile_and_absolute_ranks_c","categorysize9mth","text","","","","YES","","40"
"month_end_trailing_total_return_percentile_and_absolute_ranks_c","categorysizeytd","text","","","","YES","","41"
"month_end_trailing_total_return_percentile_and_absolute_ranks_c","monthenddate","text","","","","YES","","42"
"month_end_trailing_total_return_percentile_and_absolute_ranks_c","rank10yr","text","","","","YES","","43"
"month_end_trailing_total_return_percentile_and_absolute_ranks_c","rank10yrquartile","text","","","","YES","","44"
"month_end_trailing_total_return_percentile_and_absolute_ranks_c","rank10yrquartilebreakpoint1","text","","","","YES","","45"
"month_end_trailing_total_return_percentile_and_absolute_ranks_c","rank10yrquartilebreakpoint25","text","","","","YES","","46"
"month_end_trailing_total_return_percentile_and_absolute_ranks_c","rank10yrquartilebreakpoint50","text","","","","YES","","47"
"month_end_trailing_total_return_percentile_and_absolute_ranks_c","rank10yrquartilebreakpoint75","text","","","","YES","","48"
"month_end_trailing_total_return_percentile_and_absolute_ranks_c","rank10yrquartilebreakpoint99","text","","","","YES","","49"
"month_end_trailing_total_return_percentile_and_absolute_ranks_c","rank15yr","text","","","","YES","","50"
"month_end_trailing_total_return_percentile_and_absolute_ranks_c","rank15yrquartile","text","","","","YES","","51"
"month_end_trailing_total_return_percentile_and_absolute_ranks_c","rank15yrquartilebreakpoint1","text","","","","YES","","52"
"month_end_trailing_total_return_percentile_and_absolute_ranks_c","rank15yrquartilebreakpoint25","text","","","","YES","","53"
"month_end_trailing_total_return_percentile_and_absolute_ranks_c","rank15yrquartilebreakpoint50","text","","","","YES","","54"
"month_end_trailing_total_return_percentile_and_absolute_ranks_c","rank15yrquartilebreakpoint75","text","","","","YES","","55"
"month_end_trailing_total_return_percentile_and_absolute_ranks_c","rank15yrquartilebreakpoint99","text","","","","YES","","56"
"month_end_trailing_total_return_percentile_and_absolute_ranks_c","rank1mth","text","","","","YES","","57"
"month_end_trailing_total_return_percentile_and_absolute_ranks_c","rank1mthquartile","text","","","","YES","","58"
"month_end_trailing_total_return_percentile_and_absolute_ranks_c","rank1mthquartilebreakpoint1","text","","","","YES","","59"
"month_end_trailing_total_return_percentile_and_absolute_ranks_c","rank1mthquartilebreakpoint25","text","","","","YES","","60"
"month_end_trailing_total_return_percentile_and_absolute_ranks_c","rank1mthquartilebreakpoint50","text","","","","YES","","61"
"month_end_trailing_total_return_percentile_and_absolute_ranks_c","rank1mthquartilebreakpoint75","text","","","","YES","","62"
"month_end_trailing_total_return_percentile_and_absolute_ranks_c","rank1mthquartilebreakpoint99","text","","","","YES","","63"
"month_end_trailing_total_return_percentile_and_absolute_ranks_c","rank1yr","text","","","","YES","","64"
"month_end_trailing_total_return_percentile_and_absolute_ranks_c","rank1yrquartile","text","","","","YES","","65"
"month_end_trailing_total_return_percentile_and_absolute_ranks_c","rank1yrquartilebreakpoint1","text","","","","YES","","66"
"month_end_trailing_total_return_percentile_and_absolute_ranks_c","rank1yrquartilebreakpoint25","text","","","","YES","","67"
"month_end_trailing_total_return_percentile_and_absolute_ranks_c","rank1yrquartilebreakpoint50","text","","","","YES","","68"
"month_end_trailing_total_return_percentile_and_absolute_ranks_c","rank1yrquartilebreakpoint75","text","","","","YES","","69"
"month_end_trailing_total_return_percentile_and_absolute_ranks_c","rank1yrquartilebreakpoint99","text","","","","YES","","70"
"month_end_trailing_total_return_percentile_and_absolute_ranks_c","rank20yr","text","","","","YES","","71"
"month_end_trailing_total_return_percentile_and_absolute_ranks_c","rank20yrquartile","text","","","","YES","","72"
"month_end_trailing_total_return_percentile_and_absolute_ranks_c","rank20yrquartilebreakpoint1","text","","","","YES","","73"
"month_end_trailing_total_return_percentile_and_absolute_ranks_c","rank20yrquartilebreakpoint25","text","","","","YES","","74"
"month_end_trailing_total_return_percentile_and_absolute_ranks_c","rank20yrquartilebreakpoint50","text","","","","YES","","75"
"month_end_trailing_total_return_percentile_and_absolute_ranks_c","rank20yrquartilebreakpoint75","text","","","","YES","","76"
"month_end_trailing_total_return_percentile_and_absolute_ranks_c","rank20yrquartilebreakpoint99","text","","","","YES","","77"
"month_end_trailing_total_return_percentile_and_absolute_ranks_c","rank2mth","text","","","","YES","","78"
"month_end_trailing_total_return_percentile_and_absolute_ranks_c","rank2mthquartile","text","","","","YES","","79"
"month_end_trailing_total_return_percentile_and_absolute_ranks_c","rank2mthquartilebreakpoint1","text","","","","YES","","80"
"month_end_trailing_total_return_percentile_and_absolute_ranks_c","rank2mthquartilebreakpoint25","text","","","","YES","","81"
"month_end_trailing_total_return_percentile_and_absolute_ranks_c","rank2mthquartilebreakpoint50","text","","","","YES","","82"
"month_end_trailing_total_return_percentile_and_absolute_ranks_c","rank2mthquartilebreakpoint75","text","","","","YES","","83"
"month_end_trailing_total_return_percentile_and_absolute_ranks_c","rank2mthquartilebreakpoint99","text","","","","YES","","84"
"month_end_trailing_total_return_percentile_and_absolute_ranks_c","rank2yr","text","","","","YES","","85"
"month_end_trailing_total_return_percentile_and_absolute_ranks_c","rank2yrquartile","text","","","","YES","","86"
"month_end_trailing_total_return_percentile_and_absolute_ranks_c","rank2yrquartilebreakpoint1","text","","","","YES","","87"
"month_end_trailing_total_return_percentile_and_absolute_ranks_c","rank2yrquartilebreakpoint25","text","","","","YES","","88"
"month_end_trailing_total_return_percentile_and_absolute_ranks_c","rank2yrquartilebreakpoint50","text","","","","YES","","89"
"month_end_trailing_total_return_percentile_and_absolute_ranks_c","rank2yrquartilebreakpoint75","text","","","","YES","","90"
"month_end_trailing_total_return_percentile_and_absolute_ranks_c","rank2yrquartilebreakpoint99","text","","","","YES","","91"
"month_end_trailing_total_return_percentile_and_absolute_ranks_c","rank3mth","text","","","","YES","","92"
"month_end_trailing_total_return_percentile_and_absolute_ranks_c","rank3mthquartile","text","","","","YES","","93"
"month_end_trailing_total_return_percentile_and_absolute_ranks_c","rank3mthquartilebreakpoint1","text","","","","YES","","94"
"month_end_trailing_total_return_percentile_and_absolute_ranks_c","rank3mthquartilebreakpoint25","text","","","","YES","","95"
"month_end_trailing_total_return_percentile_and_absolute_ranks_c","rank3mthquartilebreakpoint50","text","","","","YES","","96"
"month_end_trailing_total_return_percentile_and_absolute_ranks_c","rank3mthquartilebreakpoint75","text","","","","YES","","97"
"month_end_trailing_total_return_percentile_and_absolute_ranks_c","rank3mthquartilebreakpoint99","text","","","","YES","","98"
"month_end_trailing_total_return_percentile_and_absolute_ranks_c","rank3yr","text","","","","YES","","99"
"month_end_trailing_total_return_percentile_and_absolute_ranks_c","rank3yrquartile","text","","","","YES","","100"
"month_end_trailing_total_return_percentile_and_absolute_ranks_c","rank3yrquartilebreakpoint1","text","","","","YES","","101"
"month_end_trailing_total_return_percentile_and_absolute_ranks_c","rank3yrquartilebreakpoint25","text","","","","YES","","102"
"month_end_trailing_total_return_percentile_and_absolute_ranks_c","rank3yrquartilebreakpoint50","text","","","","YES","","103"
"month_end_trailing_total_return_percentile_and_absolute_ranks_c","rank3yrquartilebreakpoint75","text","","","","YES","","104"
"month_end_trailing_total_return_percentile_and_absolute_ranks_c","rank3yrquartilebreakpoint99","text","","","","YES","","105"
"month_end_trailing_total_return_percentile_and_absolute_ranks_c","rank4yr","text","","","","YES","","106"
"month_end_trailing_total_return_percentile_and_absolute_ranks_c","rank4yrquartile","text","","","","YES","","107"
"month_end_trailing_total_return_percentile_and_absolute_ranks_c","rank4yrquartilebreakpoint1","text","","","","YES","","108"
"month_end_trailing_total_return_percentile_and_absolute_ranks_c","rank4yrquartilebreakpoint25","text","","","","YES","","109"
"month_end_trailing_total_return_percentile_and_absolute_ranks_c","rank4yrquartilebreakpoint50","text","","","","YES","","110"
"month_end_trailing_total_return_percentile_and_absolute_ranks_c","rank4yrquartilebreakpoint75","text","","","","YES","","111"
"month_end_trailing_total_return_percentile_and_absolute_ranks_c","rank4yrquartilebreakpoint99","text","","","","YES","","112"
"month_end_trailing_total_return_percentile_and_absolute_ranks_c","rank5yr","text","","","","YES","","113"
"month_end_trailing_total_return_percentile_and_absolute_ranks_c","rank5yrquartile","text","","","","YES","","114"
"month_end_trailing_total_return_percentile_and_absolute_ranks_c","rank5yrquartilebreakpoint1","text","","","","YES","","115"
"month_end_trailing_total_return_percentile_and_absolute_ranks_c","rank5yrquartilebreakpoint25","text","","","","YES","","116"
"month_end_trailing_total_return_percentile_and_absolute_ranks_c","rank5yrquartilebreakpoint50","text","","","","YES","","117"
"month_end_trailing_total_return_percentile_and_absolute_ranks_c","rank5yrquartilebreakpoint75","text","","","","YES","","118"
"month_end_trailing_total_return_percentile_and_absolute_ranks_c","rank5yrquartilebreakpoint99","text","","","","YES","","119"
"month_end_trailing_total_return_percentile_and_absolute_ranks_c","rank6mth","text","","","","YES","","120"
"month_end_trailing_total_return_percentile_and_absolute_ranks_c","rank6mthquartile","text","","","","YES","","121"
"month_end_trailing_total_return_percentile_and_absolute_ranks_c","rank6mthquartilebreakpoint1","text","","","","YES","","122"
"month_end_trailing_total_return_percentile_and_absolute_ranks_c","rank6mthquartilebreakpoint25","text","","","","YES","","123"
"month_end_trailing_total_return_percentile_and_absolute_ranks_c","rank6mthquartilebreakpoint50","text","","","","YES","","124"
"month_end_trailing_total_return_percentile_and_absolute_ranks_c","rank6mthquartilebreakpoint75","text","","","","YES","","125"
"month_end_trailing_total_return_percentile_and_absolute_ranks_c","rank6mthquartilebreakpoint99","text","","","","YES","","126"
"month_end_trailing_total_return_percentile_and_absolute_ranks_c","rank6yr","text","","","","YES","","127"
"month_end_trailing_total_return_percentile_and_absolute_ranks_c","rank6yrquartile","text","","","","YES","","128"
"month_end_trailing_total_return_percentile_and_absolute_ranks_c","rank6yrquartilebreakpoint1","text","","","","YES","","129"
"month_end_trailing_total_return_percentile_and_absolute_ranks_c","rank6yrquartilebreakpoint25","text","","","","YES","","130"
"month_end_trailing_total_return_percentile_and_absolute_ranks_c","rank6yrquartilebreakpoint50","text","","","","YES","","131"
"month_end_trailing_total_return_percentile_and_absolute_ranks_c","rank6yrquartilebreakpoint75","text","","","","YES","","132"
"month_end_trailing_total_return_percentile_and_absolute_ranks_c","rank6yrquartilebreakpoint99","text","","","","YES","","133"
"month_end_trailing_total_return_percentile_and_absolute_ranks_c","rank7yr","text","","","","YES","","134"
"month_end_trailing_total_return_percentile_and_absolute_ranks_c","rank7yrquartile","text","","","","YES","","135"
"month_end_trailing_total_return_percentile_and_absolute_ranks_c","rank7yrquartilebreakpoint1","text","","","","YES","","136"
"month_end_trailing_total_return_percentile_and_absolute_ranks_c","rank7yrquartilebreakpoint25","text","","","","YES","","137"
"month_end_trailing_total_return_percentile_and_absolute_ranks_c","rank7yrquartilebreakpoint50","text","","","","YES","","138"
"month_end_trailing_total_return_percentile_and_absolute_ranks_c","rank7yrquartilebreakpoint75","text","","","","YES","","139"
"month_end_trailing_total_return_percentile_and_absolute_ranks_c","rank7yrquartilebreakpoint99","text","","","","YES","","140"
"month_end_trailing_total_return_percentile_and_absolute_ranks_c","rank8yr","text","","","","YES","","141"
"month_end_trailing_total_return_percentile_and_absolute_ranks_c","rank8yrquartile","text","","","","YES","","142"
"month_end_trailing_total_return_percentile_and_absolute_ranks_c","rank8yrquartilebreakpoint1","text","","","","YES","","143"
"month_end_trailing_total_return_percentile_and_absolute_ranks_c","rank8yrquartilebreakpoint25","text","","","","YES","","144"
"month_end_trailing_total_return_percentile_and_absolute_ranks_c","rank8yrquartilebreakpoint50","text","","","","YES","","145"
"month_end_trailing_total_return_percentile_and_absolute_ranks_c","rank8yrquartilebreakpoint75","text","","","","YES","","146"
"month_end_trailing_total_return_percentile_and_absolute_ranks_c","rank8yrquartilebreakpoint99","text","","","","YES","","147"
"month_end_trailing_total_return_percentile_and_absolute_ranks_c","rank9mth","text","","","","YES","","148"
"month_end_trailing_total_return_percentile_and_absolute_ranks_c","rank9mthquartile","text","","","","YES","","149"
"month_end_trailing_total_return_percentile_and_absolute_ranks_c","rank9mthquartilebreakpoint1","text","","","","YES","","150"
"month_end_trailing_total_return_percentile_and_absolute_ranks_c","rank9mthquartilebreakpoint25","text","","","","YES","","151"
"month_end_trailing_total_return_percentile_and_absolute_ranks_c","rank9mthquartilebreakpoint50","text","","","","YES","","152"
"month_end_trailing_total_return_percentile_and_absolute_ranks_c","rank9mthquartilebreakpoint75","text","","","","YES","","153"
"month_end_trailing_total_return_percentile_and_absolute_ranks_c","rank9mthquartilebreakpoint99","text","","","","YES","","154"
"month_end_trailing_total_return_percentile_and_absolute_ranks_c","rank9yr","text","","","","YES","","155"
"month_end_trailing_total_return_percentile_and_absolute_ranks_c","rank9yrquartile","text","","","","YES","","156"
"month_end_trailing_total_return_percentile_and_absolute_ranks_c","rank9yrquartilebreakpoint1","text","","","","YES","","157"
"month_end_trailing_total_return_percentile_and_absolute_ranks_c","rank9yrquartilebreakpoint25","text","","","","YES","","158"
"month_end_trailing_total_return_percentile_and_absolute_ranks_c","rank9yrquartilebreakpoint50","text","","","","YES","","159"
"month_end_trailing_total_return_percentile_and_absolute_ranks_c","rank9yrquartilebreakpoint75","text","","","","YES","","160"
"month_end_trailing_total_return_percentile_and_absolute_ranks_c","rank9yrquartilebreakpoint99","text","","","","YES","","161"
"month_end_trailing_total_return_percentile_and_absolute_ranks_c","rankytd","text","","","","YES","","162"
"month_end_trailing_total_return_percentile_and_absolute_ranks_c","rankytdquartile","text","","","","YES","","163"
"month_end_trailing_total_return_percentile_and_absolute_ranks_c","rankytdquartilebreakpoint1","text","","","","YES","","164"
"month_end_trailing_total_return_percentile_and_absolute_ranks_c","rankytdquartilebreakpoint25","text","","","","YES","","165"
"month_end_trailing_total_return_percentile_and_absolute_ranks_c","rankytdquartilebreakpoint50","text","","","","YES","","166"
"month_end_trailing_total_return_percentile_and_absolute_ranks_c","rankytdquartilebreakpoint75","text","","","","YES","","167"
"month_end_trailing_total_return_percentile_and_absolute_ranks_c","rankytdquartilebreakpoint99","text","","","","YES","","168"
"month_end_trailing_total_return_percentile_and_absolute_ranks_c","_name","text","","","","YES","","169"
"month_end_trailing_total_return_percentile_and_absolute_ranks_c","_hashkey","numeric","","","","YES","","170"
"month_end_trailing_total_return_percentile_and_absolute_ranks_c","_runid","text","","","","YES","","171"
"month_end_trailing_total_return_percentile_and_absolute_ranks_c","_timestampfrom","timestamp with time zone","","","","YES","","172"
"month_end_trailing_total_return_percentile_and_absolute_ranks_c","_timestampto","timestamp with time zone","","","","YES","","173"
"month_end_trailing_total_returns_ca_openend","data_inserted_at","timestamp without time zone","","","","NO","CURRENT_TIMESTAMP","1"
"month_end_trailing_total_returns_ca_openend","status_code","numeric","","","","YES","","2"
"month_end_trailing_total_returns_ca_openend","status_message","text","","","","YES","","3"
"month_end_trailing_total_returns_ca_openend","_id","text","","","","YES","","4"
"month_end_trailing_total_returns_ca_openend","_idtype","text","","","","YES","","5"
"month_end_trailing_total_returns_ca_openend","cumulativereturn10yr","text","","","","YES","","6"
"month_end_trailing_total_returns_ca_openend","cumulativereturn15yr","text","","","","YES","","7"
"month_end_trailing_total_returns_ca_openend","cumulativereturn20yr","text","","","","YES","","8"
"month_end_trailing_total_returns_ca_openend","cumulativereturn2yr","text","","","","YES","","9"
"month_end_trailing_total_returns_ca_openend","cumulativereturn3yr","text","","","","YES","","10"
"month_end_trailing_total_returns_ca_openend","cumulativereturn4yr","text","","","","YES","","11"
"month_end_trailing_total_returns_ca_openend","cumulativereturn5yr","text","","","","YES","","12"
"month_end_trailing_total_returns_ca_openend","cumulativereturn6yr","text","","","","YES","","13"
"month_end_trailing_total_returns_ca_openend","cumulativereturn7yr","text","","","","YES","","14"
"month_end_trailing_total_returns_ca_openend","cumulativereturn8yr","text","","","","YES","","15"
"month_end_trailing_total_returns_ca_openend","cumulativereturn9yr","text","","","","YES","","16"
"month_end_trailing_total_returns_ca_openend","cumulativereturnsinceinception","text","","","","YES","","17"
"month_end_trailing_total_returns_ca_openend","monthenddate","text","","","","YES","","18"
"month_end_trailing_total_returns_ca_openend","return10yr","text","","","","YES","","19"
"month_end_trailing_total_returns_ca_openend","return15yr","text","","","","YES","","20"
"month_end_trailing_total_returns_ca_openend","return1mth","text","","","","YES","","21"
"month_end_trailing_total_returns_ca_openend","return1yr","text","","","","YES","","22"
"month_end_trailing_total_returns_ca_openend","return20yr","text","","","","YES","","23"
"month_end_trailing_total_returns_ca_openend","return2mth","text","","","","YES","","24"
"month_end_trailing_total_returns_ca_openend","return2yr","text","","","","YES","","25"
"month_end_trailing_total_returns_ca_openend","return3mth","text","","","","YES","","26"
"month_end_trailing_total_returns_ca_openend","return3yr","text","","","","YES","","27"
"month_end_trailing_total_returns_ca_openend","return4yr","text","","","","YES","","28"
"month_end_trailing_total_returns_ca_openend","return5yr","text","","","","YES","","29"
"month_end_trailing_total_returns_ca_openend","return6mth","text","","","","YES","","30"
"month_end_trailing_total_returns_ca_openend","return6yr","text","","","","YES","","31"
"month_end_trailing_total_returns_ca_openend","return7yr","text","","","","YES","","32"
"month_end_trailing_total_returns_ca_openend","return8yr","text","","","","YES","","33"
"month_end_trailing_total_returns_ca_openend","return9mth","text","","","","YES","","34"
"month_end_trailing_total_returns_ca_openend","return9yr","text","","","","YES","","35"
"month_end_trailing_total_returns_ca_openend","returnsinceinception","text","","","","YES","","36"
"month_end_trailing_total_returns_ca_openend","returnytd","text","","","","YES","","37"
"month_end_trailing_total_returns_ca_openend","_name","text","","","","YES","","38"
"month_end_trailing_total_returns_ca_openend","_hashkey","numeric","","","","YES","","39"
"month_end_trailing_total_returns_ca_openend","_runid","text","","","","YES","","40"
"month_end_trailing_total_returns_ca_openend","_timestampfrom","timestamp with time zone","","","","YES","","41"
"month_end_trailing_total_returns_ca_openend","_timestampto","timestamp with time zone","","","","YES","","42"
"month_end_trailing_total_returns_ca_openend","fault_faultstring","text","","","","YES","","43"
"month_end_trailing_total_returns_ca_openend","fault_detail_errorcode","text","","","","YES","","44"
"morningstar_rating_ca_openend","data_inserted_at","timestamp without time zone","","","","NO","CURRENT_TIMESTAMP","1"
"morningstar_rating_ca_openend","status_code","numeric","","","","YES","","2"
"morningstar_rating_ca_openend","status_message","text","","","","YES","","3"
"morningstar_rating_ca_openend","_id","text","","","","YES","","4"
"morningstar_rating_ca_openend","_idtype","text","","","","YES","","5"
"morningstar_rating_ca_openend","numberoffunds10year","text","","","","YES","","6"
"morningstar_rating_ca_openend","numberoffunds3year","text","","","","YES","","7"
"morningstar_rating_ca_openend","numberoffunds5year","text","","","","YES","","8"
"morningstar_rating_ca_openend","numberoffundsoverall","text","","","","YES","","9"
"morningstar_rating_ca_openend","perfcatrank10year","text","","","","YES","","10"
"morningstar_rating_ca_openend","perfcatrank3year","text","","","","YES","","11"
"morningstar_rating_ca_openend","perfcatrank5year","text","","","","YES","","12"
"morningstar_rating_ca_openend","performancescore10yr","text","","","","YES","","13"
"morningstar_rating_ca_openend","performancescore3yr","text","","","","YES","","14"
"morningstar_rating_ca_openend","performancescore5yr","text","","","","YES","","15"
"morningstar_rating_ca_openend","performancescoreoverall","text","","","","YES","","16"
"morningstar_rating_ca_openend","rating10year","text","","","","YES","","17"
"morningstar_rating_ca_openend","rating3year","text","","","","YES","","18"
"morningstar_rating_ca_openend","rating5year","text","","","","YES","","19"
"morningstar_rating_ca_openend","ratingcatrank10year","text","","","","YES","","20"
"morningstar_rating_ca_openend","ratingcatrank3year","text","","","","YES","","21"
"morningstar_rating_ca_openend","ratingcatrank5year","text","","","","YES","","22"
"morningstar_rating_ca_openend","ratingdate","text","","","","YES","","23"
"morningstar_rating_ca_openend","ratingoverall","text","","","","YES","","24"
"morningstar_rating_ca_openend","return10year","text","","","","YES","","25"
"morningstar_rating_ca_openend","return3year","text","","","","YES","","26"
"morningstar_rating_ca_openend","return5year","text","","","","YES","","27"
"morningstar_rating_ca_openend","returnoverall","text","","","","YES","","28"
"morningstar_rating_ca_openend","risk10year","text","","","","YES","","29"
"morningstar_rating_ca_openend","risk3year","text","","","","YES","","30"
"morningstar_rating_ca_openend","risk5year","text","","","","YES","","31"
"morningstar_rating_ca_openend","riskadjustedreturn10yr","text","","","","YES","","32"
"morningstar_rating_ca_openend","riskadjustedreturn3yr","text","","","","YES","","33"
"morningstar_rating_ca_openend","riskadjustedreturn5yr","text","","","","YES","","34"
"morningstar_rating_ca_openend","riskadjustedreturnoverall","text","","","","YES","","35"
"morningstar_rating_ca_openend","riskcatrank10year","text","","","","YES","","36"
"morningstar_rating_ca_openend","riskcatrank3year","text","","","","YES","","37"
"morningstar_rating_ca_openend","riskcatrank5year","text","","","","YES","","38"
"morningstar_rating_ca_openend","riskoverall","text","","","","YES","","39"
"morningstar_rating_ca_openend","riskscore10yr","text","","","","YES","","40"
"morningstar_rating_ca_openend","riskscore3yr","text","","","","YES","","41"
"morningstar_rating_ca_openend","riskscore5yr","text","","","","YES","","42"
"morningstar_rating_ca_openend","riskscoreoverall","text","","","","YES","","43"
"morningstar_rating_ca_openend","_name","text","","","","YES","","44"
"morningstar_rating_ca_openend","_hashkey","numeric","","","","YES","","45"
"morningstar_rating_ca_openend","_runid","text","","","","YES","","46"
"morningstar_rating_ca_openend","_timestampfrom","timestamp with time zone","","","","YES","","47"
"morningstar_rating_ca_openend","_timestampto","timestamp with time zone","","","","YES","","48"
"morningstar_rating_extended_performance_ca_openend","data_inserted_at","timestamp without time zone","","","","NO","CURRENT_TIMESTAMP","1"
"morningstar_rating_extended_performance_ca_openend","status_code","numeric","","","","YES","","2"
"morningstar_rating_extended_performance_ca_openend","status_message","text","","","","YES","","3"
"morningstar_rating_extended_performance_ca_openend","_id","text","","","","YES","","4"
"morningstar_rating_extended_performance_ca_openend","_idtype","text","","","","YES","","5"
"morningstar_rating_extended_performance_ca_openend","rating10year","text","","","","YES","","6"
"morningstar_rating_extended_performance_ca_openend","rating3year","text","","","","YES","","7"
"morningstar_rating_extended_performance_ca_openend","rating5year","text","","","","YES","","8"
"morningstar_rating_extended_performance_ca_openend","ratingdate","text","","","","YES","","9"
"morningstar_rating_extended_performance_ca_openend","ratingoverall","text","","","","YES","","10"
"morningstar_rating_extended_performance_ca_openend","return10year","text","","","","YES","","11"
"morningstar_rating_extended_performance_ca_openend","return3year","text","","","","YES","","12"
"morningstar_rating_extended_performance_ca_openend","return5year","text","","","","YES","","13"
"morningstar_rating_extended_performance_ca_openend","returnoverall","text","","","","YES","","14"
"morningstar_rating_extended_performance_ca_openend","risk10year","text","","","","YES","","15"
"morningstar_rating_extended_performance_ca_openend","risk3year","text","","","","YES","","16"
"morningstar_rating_extended_performance_ca_openend","risk5year","text","","","","YES","","17"
"morningstar_rating_extended_performance_ca_openend","riskoverall","text","","","","YES","","18"
"morningstar_rating_extended_performance_ca_openend","_name","text","","","","YES","","19"
"morningstar_rating_extended_performance_ca_openend","_hashkey","numeric","","","","YES","","20"
"morningstar_rating_extended_performance_ca_openend","_runid","text","","","","YES","","21"
"morningstar_rating_extended_performance_ca_openend","_timestampfrom","timestamp with time zone","","","","YES","","22"
"morningstar_rating_extended_performance_ca_openend","_timestampto","timestamp with time zone","","","","YES","","23"
"prospectus_fees_ca_openend","data_inserted_at","timestamp without time zone","","","","NO","CURRENT_TIMESTAMP","1"
"prospectus_fees_ca_openend","status_code","numeric","","","","YES","","2"
"prospectus_fees_ca_openend","status_message","text","","","","YES","","3"
"prospectus_fees_ca_openend","_id","text","","","","YES","","4"
"prospectus_fees_ca_openend","_idtype","text","","","","YES","","5"
"prospectus_fees_ca_openend","actualmanagementfee","text","","","","YES","","6"
"prospectus_fees_ca_openend","administrationfee","text","","","","YES","","7"
"prospectus_fees_ca_openend","feenegotiable","text","","","","YES","","8"
"prospectus_fees_ca_openend","grossexpenseratio","text","","","","YES","","9"
"prospectus_fees_ca_openend","latestprospectusdate","text","","","","YES","","10"
"prospectus_fees_ca_openend","netexpenseratio","text","","","","YES","","11"
"prospectus_fees_ca_openend","performancefee","text","","","","YES","","12"
"prospectus_fees_ca_openend","performancefeecharged","text","","","","YES","","13"
"prospectus_fees_ca_openend","performancefeeindexname","text","","","","YES","","14"
"prospectus_fees_ca_openend","performancefeeindexweighting","text","","","","YES","","15"
"prospectus_fees_ca_openend","prospectusdate","text","","","","YES","","16"
"prospectus_fees_ca_openend","switchingfee","text","","","","YES","","17"
"prospectus_fees_ca_openend","transactionfee","text","","","","YES","","18"
"prospectus_fees_ca_openend","trusteefee","text","","","","YES","","19"
"prospectus_fees_ca_openend","_name","text","","","","YES","","20"
"prospectus_fees_ca_openend","_hashkey","numeric","","","","YES","","21"
"prospectus_fees_ca_openend","_runid","text","","","","YES","","22"
"prospectus_fees_ca_openend","_timestampfrom","timestamp with time zone","","","","YES","","23"
"prospectus_fees_ca_openend","_timestampto","timestamp with time zone","","","","YES","","24"
"relative_risk_measure_prospectus_ca_openend","data_inserted_at","timestamp without time zone","","","","NO","CURRENT_TIMESTAMP","1"
"relative_risk_measure_prospectus_ca_openend","status_code","numeric","","","","YES","","2"
"relative_risk_measure_prospectus_ca_openend","status_message","text","","","","YES","","3"
"relative_risk_measure_prospectus_ca_openend","_id","text","","","","YES","","4"
"relative_risk_measure_prospectus_ca_openend","_idtype","text","","","","YES","","5"
"relative_risk_measure_prospectus_ca_openend","alpha10yr","text","","","","YES","","6"
"relative_risk_measure_prospectus_ca_openend","alpha15yr","text","","","","YES","","7"
"relative_risk_measure_prospectus_ca_openend","alpha1yr","text","","","","YES","","8"
"relative_risk_measure_prospectus_ca_openend","alpha20yr","text","","","","YES","","9"
"relative_risk_measure_prospectus_ca_openend","alpha3yr","text","","","","YES","","10"
"relative_risk_measure_prospectus_ca_openend","alpha5yr","text","","","","YES","","11"
"relative_risk_measure_prospectus_ca_openend","battingaverage10yr","text","","","","YES","","12"
"relative_risk_measure_prospectus_ca_openend","battingaverage15yr","text","","","","YES","","13"
"relative_risk_measure_prospectus_ca_openend","battingaverage1yr","text","","","","YES","","14"
"relative_risk_measure_prospectus_ca_openend","battingaverage20yr","text","","","","YES","","15"
"relative_risk_measure_prospectus_ca_openend","battingaverage3yr","text","","","","YES","","16"
"relative_risk_measure_prospectus_ca_openend","battingaverage5yr","text","","","","YES","","17"
"relative_risk_measure_prospectus_ca_openend","beta10yr","text","","","","YES","","18"
"relative_risk_measure_prospectus_ca_openend","beta15yr","text","","","","YES","","19"
"relative_risk_measure_prospectus_ca_openend","beta1yr","text","","","","YES","","20"
"relative_risk_measure_prospectus_ca_openend","beta20yr","text","","","","YES","","21"
"relative_risk_measure_prospectus_ca_openend","beta3yr","text","","","","YES","","22"
"relative_risk_measure_prospectus_ca_openend","beta5yr","text","","","","YES","","23"
"relative_risk_measure_prospectus_ca_openend","captureratiodownside10yr","text","","","","YES","","24"
"relative_risk_measure_prospectus_ca_openend","captureratiodownside15yr","text","","","","YES","","25"
"relative_risk_measure_prospectus_ca_openend","captureratiodownside1yr","text","","","","YES","","26"
"relative_risk_measure_prospectus_ca_openend","captureratiodownside20yr","text","","","","YES","","27"
"relative_risk_measure_prospectus_ca_openend","captureratiodownside3yr","text","","","","YES","","28"
"relative_risk_measure_prospectus_ca_openend","captureratiodownside5yr","text","","","","YES","","29"
"relative_risk_measure_prospectus_ca_openend","captureratioupside10yr","text","","","","YES","","30"
"relative_risk_measure_prospectus_ca_openend","captureratioupside15yr","text","","","","YES","","31"
"relative_risk_measure_prospectus_ca_openend","captureratioupside1yr","text","","","","YES","","32"
"relative_risk_measure_prospectus_ca_openend","captureratioupside20yr","text","","","","YES","","33"
"relative_risk_measure_prospectus_ca_openend","captureratioupside3yr","text","","","","YES","","34"
"relative_risk_measure_prospectus_ca_openend","captureratioupside5yr","text","","","","YES","","35"
"relative_risk_measure_prospectus_ca_openend","correlation10yr","text","","","","YES","","36"
"relative_risk_measure_prospectus_ca_openend","correlation15yr","text","","","","YES","","37"
"relative_risk_measure_prospectus_ca_openend","correlation1yr","text","","","","YES","","38"
"relative_risk_measure_prospectus_ca_openend","correlation20yr","text","","","","YES","","39"
"relative_risk_measure_prospectus_ca_openend","correlation3yr","text","","","","YES","","40"
"relative_risk_measure_prospectus_ca_openend","correlation5yr","text","","","","YES","","41"
"relative_risk_measure_prospectus_ca_openend","enddate","text","","","","YES","","42"
"relative_risk_measure_prospectus_ca_openend","indexid","text","","","","YES","","43"
"relative_risk_measure_prospectus_ca_openend","indexname","text","","","","YES","","44"
"relative_risk_measure_prospectus_ca_openend","informationratio10yr","text","","","","YES","","45"
"relative_risk_measure_prospectus_ca_openend","informationratio15yr","text","","","","YES","","46"
"relative_risk_measure_prospectus_ca_openend","informationratio1yr","text","","","","YES","","47"
"relative_risk_measure_prospectus_ca_openend","informationratio20yr","text","","","","YES","","48"
"relative_risk_measure_prospectus_ca_openend","informationratio3yr","text","","","","YES","","49"
"relative_risk_measure_prospectus_ca_openend","informationratio5yr","text","","","","YES","","50"
"relative_risk_measure_prospectus_ca_openend","rsquared10yr","text","","","","YES","","51"
"relative_risk_measure_prospectus_ca_openend","rsquared15yr","text","","","","YES","","52"
"relative_risk_measure_prospectus_ca_openend","rsquared1yr","text","","","","YES","","53"
"relative_risk_measure_prospectus_ca_openend","rsquared20yr","text","","","","YES","","54"
"relative_risk_measure_prospectus_ca_openend","rsquared3yr","text","","","","YES","","55"
"relative_risk_measure_prospectus_ca_openend","rsquared5yr","text","","","","YES","","56"
"relative_risk_measure_prospectus_ca_openend","trackingerror10yr","text","","","","YES","","57"
"relative_risk_measure_prospectus_ca_openend","trackingerror15yr","text","","","","YES","","58"
"relative_risk_measure_prospectus_ca_openend","trackingerror1yr","text","","","","YES","","59"
"relative_risk_measure_prospectus_ca_openend","trackingerror20yr","text","","","","YES","","60"
"relative_risk_measure_prospectus_ca_openend","trackingerror3yr","text","","","","YES","","61"
"relative_risk_measure_prospectus_ca_openend","trackingerror5yr","text","","","","YES","","62"
"relative_risk_measure_prospectus_ca_openend","treynorratio10yr","text","","","","YES","","63"
"relative_risk_measure_prospectus_ca_openend","treynorratio15yr","text","","","","YES","","64"
"relative_risk_measure_prospectus_ca_openend","treynorratio1yr","text","","","","YES","","65"
"relative_risk_measure_prospectus_ca_openend","treynorratio20yr","text","","","","YES","","66"
"relative_risk_measure_prospectus_ca_openend","treynorratio3yr","text","","","","YES","","67"
"relative_risk_measure_prospectus_ca_openend","treynorratio5yr","text","","","","YES","","68"
"relative_risk_measure_prospectus_ca_openend","_name","text","","","","YES","","69"
"relative_risk_measure_prospectus_ca_openend","_hashkey","numeric","","","","YES","","70"
"relative_risk_measure_prospectus_ca_openend","_runid","text","","","","YES","","71"
"relative_risk_measure_prospectus_ca_openend","_timestampfrom","timestamp with time zone","","","","YES","","72"
"relative_risk_measure_prospectus_ca_openend","_timestampto","timestamp with time zone","","","","YES","","73"
"risk_measure_ca_openend","data_inserted_at","timestamp without time zone","","","","NO","CURRENT_TIMESTAMP","1"
"risk_measure_ca_openend","status_code","numeric","","","","YES","","2"
"risk_measure_ca_openend","status_message","text","","","","YES","","3"
"risk_measure_ca_openend","_id","text","","","","YES","","4"
"risk_measure_ca_openend","_idtype","text","","","","YES","","5"
"risk_measure_ca_openend","enddate","text","","","","YES","","6"
"risk_measure_ca_openend","kurtosis10yr","text","","","","YES","","7"
"risk_measure_ca_openend","kurtosis15yr","text","","","","YES","","8"
"risk_measure_ca_openend","kurtosis1yr","text","","","","YES","","9"
"risk_measure_ca_openend","kurtosis20yr","text","","","","YES","","10"
"risk_measure_ca_openend","kurtosis3yr","text","","","","YES","","11"
"risk_measure_ca_openend","kurtosis5yr","text","","","","YES","","12"
"risk_measure_ca_openend","maxdrawdown10yr","text","","","","YES","","13"
"risk_measure_ca_openend","maxdrawdown15yr","text","","","","YES","","14"
"risk_measure_ca_openend","maxdrawdown1yr","text","","","","YES","","15"
"risk_measure_ca_openend","maxdrawdown20yr","text","","","","YES","","16"
"risk_measure_ca_openend","maxdrawdown3yr","text","","","","YES","","17"
"risk_measure_ca_openend","maxdrawdown5yr","text","","","","YES","","18"
"risk_measure_ca_openend","mean10yr","text","","","","YES","","19"
"risk_measure_ca_openend","mean15yr","text","","","","YES","","20"
"risk_measure_ca_openend","mean1yr","text","","","","YES","","21"
"risk_measure_ca_openend","mean20yr","text","","","","YES","","22"
"risk_measure_ca_openend","mean3yr","text","","","","YES","","23"
"risk_measure_ca_openend","mean5yr","text","","","","YES","","24"
"risk_measure_ca_openend","riskcurrency","text","","","","YES","","25"
"risk_measure_ca_openend","sharperatio10yr","text","","","","YES","","26"
"risk_measure_ca_openend","sharperatio15yr","text","","","","YES","","27"
"risk_measure_ca_openend","sharperatio1yr","text","","","","YES","","28"
"risk_measure_ca_openend","sharperatio20yr","text","","","","YES","","29"
"risk_measure_ca_openend","sharperatio3yr","text","","","","YES","","30"
"risk_measure_ca_openend","sharperatio5yr","text","","","","YES","","31"
"risk_measure_ca_openend","skewness10yr","text","","","","YES","","32"
"risk_measure_ca_openend","skewness15yr","text","","","","YES","","33"
"risk_measure_ca_openend","skewness1yr","text","","","","YES","","34"
"risk_measure_ca_openend","skewness20yr","text","","","","YES","","35"
"risk_measure_ca_openend","skewness3yr","text","","","","YES","","36"
"risk_measure_ca_openend","skewness5yr","text","","","","YES","","37"
"risk_measure_ca_openend","sortinoratio10yr","text","","","","YES","","38"
"risk_measure_ca_openend","sortinoratio15yr","text","","","","YES","","39"
"risk_measure_ca_openend","sortinoratio1yr","text","","","","YES","","40"
"risk_measure_ca_openend","sortinoratio20yr","text","","","","YES","","41"
"risk_measure_ca_openend","sortinoratio3yr","text","","","","YES","","42"
"risk_measure_ca_openend","sortinoratio5yr","text","","","","YES","","43"
"risk_measure_ca_openend","stddev10yr","text","","","","YES","","44"
"risk_measure_ca_openend","stddev15yr","text","","","","YES","","45"
"risk_measure_ca_openend","stddev1yr","text","","","","YES","","46"
"risk_measure_ca_openend","stddev20yr","text","","","","YES","","47"
"risk_measure_ca_openend","stddev3yr","text","","","","YES","","48"
"risk_measure_ca_openend","stddev5yr","text","","","","YES","","49"
"risk_measure_ca_openend","_name","text","","","","YES","","50"
"risk_measure_ca_openend","_hashkey","numeric","","","","YES","","51"
"risk_measure_ca_openend","_runid","text","","","","YES","","52"
"risk_measure_ca_openend","_timestampfrom","timestamp with time zone","","","","YES","","53"
"risk_measure_ca_openend","_timestampto","timestamp with time zone","","","","YES","","54"
